1, b00001269_21i6bq_20150315_195027e, 1.0
1, 20160813_090138_000, 1.0
1, 20160917_153653_000, 1.0
1, b00001268_21i6bq_20150315_194952e, 0.8923
1, b00001267_21i6bq_20150315_194920e, 0.8836
1, b00001250_21i6bq_20150315_193537e, 0.8530
1, b00001256_21i6bq_20150315_194302e, 0.8362
1, b00001274_21i6bq_20150315_195330e, 0.8362
1, b00001276_21i6bq_20150315_195450e, 0.8266
1, b00001253_21i6bq_20150315_194117e, 0.8020
1, b00001255_21i6bq_20150315_194227e, 0.7996
1, b00001254_21i6bq_20150315_194151e, 0.7906
1, b00001259_21i6bq_20150315_194450e, 0.7879
1, b00001252_21i6bq_20150315_194044e, 0.7843
1, b00001258_21i6bq_20150315_194415e, 0.7843
1, b00001260_21i6bq_20150315_194525e, 0.7804
1, b00001257_21i6bq_20150315_194341e, 0.7732
1, b00001251_21i6bq_20150315_194004e, 0.7729
1, b00001261_21i6bq_20150315_194556e, 0.7705
1, b00001262_21i6bq_20150315_194626e, 0.7690
1, b00001272_21i6bq_20150315_195217e, 0.7675
1, b00001264_21i6bq_20150315_194733e, 0.7645
1, b00001263_21i6bq_20150315_194657e, 0.7537
1, b00001265_21i6bq_20150315_194808e, 0.7516
1, b00001273_21i6bq_20150315_195258e, 0.7426
1, b00001266_21i6bq_20150315_194841e, 0.7234
1, b00001275_21i6bq_20150315_195410e, 0.7123
1, 20160813_090225_000, 0.7537
1, 20160813_090359_000, 0.7537
1, 20160813_090312_000, 0.7537
1, 20160813_090446_000, 0.7537
1, 20160813_090720_000, 0.7537
1, 20160813_090854_000, 0.7537
1, 20160813_090807_000, 0.7537
1, 20160813_090941_000, 0.7537
1, 20160813_091028_000, 0.7537
1, 20160813_091115_000, 0.7537
1, 20160813_091249_000, 0.7537
1, 20160813_091202_000, 0.7537
1, 20160813_091336_000, 0.7537
1, 20160813_091423_000, 0.7537
1, 20160813_091510_000, 0.7537
1, 20160813_091557_000, 0.7537
1, 20160813_091644_000, 0.7537
1, 20160813_091731_000, 0.7537
1, 20160813_091818_000, 0.7537
1, 20160813_091953_000, 0.7537
1, 20160813_091905_000, 0.7537
1, 20160813_092040_000, 0.7537
1, 20160813_092127_000, 0.7537
1, 20160813_092214_000, 0.7537
1, 20160813_092348_000, 0.7537
1, 20160813_092301_000, 0.7537
1, 20160813_092436_000, 0.7537
1, 20160813_092759_000, 0.7537
1, 20160813_092859_000, 0.7537
1, 20160813_092946_000, 0.7537
1, 20160813_093033_000, 0.7537
1, 20160813_093120_000, 0.7537
1, 20160813_093254_000, 0.7537
1, 20160813_093207_000, 0.7537
1, 20160813_093341_000, 0.7537
1, 20160813_093428_000, 0.7537
1, 20160813_093515_000, 0.7537
1, 20160813_093649_000, 0.7537
1, 20160813_093602_000, 0.7537
1, 20160813_093736_000, 0.7537
1, 20160813_093823_000, 0.7537
1, 20160813_093957_000, 0.7537
1, 20160813_093910_000, 0.7537
1, 20160813_094044_000, 0.7537
1, 20160813_094352_000, 0.7537
1, 20160813_094305_000, 0.7537
1, 20160813_094439_000, 0.7537
1, 20160813_094526_000, 0.7537
1, 20160813_094613_000, 0.7537
1, 20160813_094747_000, 0.7537
1, 20160813_094700_000, 0.7537
1, 20160813_094834_000, 0.7537
1, 20160813_094934_000, 0.7537
1, 20160813_095021_000, 0.7537
1, 20160813_095155_000, 0.7537
1, 20160813_095108_000, 0.7537
1, 20160813_095242_000, 0.7537
1, 20160813_095329_000, 0.7537
1, 20160813_095416_000, 0.7537
1, 20160813_095503_000, 0.7537
1, 20160813_095550_000, 0.7537
1, 20160813_095637_000, 0.7537
1, 20160813_095724_000, 0.7537
1, 20160813_095858_000, 0.7537
1, 20160813_095811_000, 0.7537
1, 20160813_095945_000, 0.7537
1, 20160813_100032_000, 0.7537
1, 20160813_100119_000, 0.7537
1, 20160813_100253_000, 0.7537
1, 20160813_100206_000, 0.7537
1, 20160813_100340_000, 0.7537
1, 20160813_100427_000, 0.7537
1, 20160813_100514_000, 0.7537
1, 20160917_153725_000, 0.8401
2, b00000633_21i6bq_20150224_130814e, 1.0
2, b00000748_21i6bq_20150225_133718e, 1.0
2, b00000843_21i6bq_20150226_151258e, 1.0
2, b00000646_21i6bq_20150227_140613e, 1.0
2, b00000980_21i6bq_20150228_161518e, 1.0
2, b00001084_21i6bq_20150301_174604e, 1.0
2, b00001016_21i6bq_20150224_170225e, 0.7650
2, b00001023_21i6bq_20150224_170636e, 0.7471
2, b00000853_21i6bq_20150224_152211e, 0.7389
2, b00000758_21i6bq_20150224_142441e, 0.7380
2, b00000643_21i6bq_20150224_131424e, 0.7331
2, b00000698_21i6bq_20150224_134855e, 0.7328
2, b00000545_21i6bq_20150224_121433e, 0.7176
2, b00000607_21i6bq_20150224_125251e, 0.7105
2, b00000629_21i6bq_20150224_130544e, 0.7031
2, b00000548_21i6bq_20150224_121629e, 0.7012
2, b00000848_21i6bq_20150224_151906e, 0.6982
2, b00000784_21i6bq_20150224_144027e, 0.6971
2, b00000849_21i6bq_20150224_151944e, 0.6934
2, b00000613_21i6bq_20150224_125616e, 0.6928
2, b00000642_21i6bq_20150224_131350e, 0.6917
2, b00000997_21i6bq_20150224_165014e, 0.6908
2, b00000547_21i6bq_20150224_121552e, 0.6889
2, b00000637_21i6bq_20150224_131045e, 0.6872
2, b00000667_21i6bq_20150224_132919e, 0.6857
2, b00000669_21i6bq_20150224_133038e, 0.6854
2, b00001027_21i6bq_20150224_170906e, 0.6838
2, b00000672_21i6bq_20150224_133220e, 0.6832
2, b00001025_21i6bq_20150224_170753e, 0.6811
2, b00000623_21i6bq_20150224_130213e, 0.6810
2, b00000852_21i6bq_20150224_152134e, 0.6763
2, b00000617_21i6bq_20150224_125839e, 0.6723
2, b00000700_21i6bq_20150224_135004e, 0.6719
2, b00000755_21i6bq_20150224_142257e, 0.6691
2, b00000616_21i6bq_20150224_125807e, 0.6675
2, b00000833_21i6bq_20150224_151001e, 0.6667
2, b00000635_21i6bq_20150224_130927e, 0.6663
2, b00000625_21i6bq_20150224_130322e, 0.6657
2, b00000943_21i6bq_20150224_161723e, 0.6646
2, b00000775_21i6bq_20150224_143456e, 0.6645
2, b00000998_21i6bq_20150224_165053e, 0.6615
2, b00000831_21i6bq_20150224_150849e, 0.6593
2, b00000614_21i6bq_20150224_125652e, 0.6587
2, b00000612_21i6bq_20150224_125541e, 0.6576
2, b00000624_21i6bq_20150224_130249e, 0.6570
2, b00001030_21i6bq_20150224_171054e, 0.6548
2, b00001033_21i6bq_20150224_171246e, 0.6543
2, b00000615_21i6bq_20150224_125729e, 0.6484
2, b00000567_21i6bq_20150224_122804e, 0.6449
2, b00000592_21i6bq_20150224_124323e, 0.6439
2, b00000782_21i6bq_20150224_143922e, 0.6397
2, b00000644_21i6bq_20150224_131505e, 0.6389
2, b00000850_21i6bq_20150224_152025e, 0.6378
2, b00000857_21i6bq_20150224_152435e, 0.6375
2, b00000671_21i6bq_20150224_133141e, 0.6369
2, b00000683_21i6bq_20150224_133941e, 0.6366
2, b00000556_21i6bq_20150224_122129e, 0.5029
2, b00000608_21i6bq_20150224_125322e, 0.5029
2, b00000648_21i6bq_20150224_131728e, 0.5029
2, b00000649_21i6bq_20150224_131809e, 0.5029
2, b00000846_21i6bq_20150224_151750e, 0.5029
2, b00001022_21i6bq_20150224_170556e, 0.5029
2, b00001062_21i6bq_20150224_173052e, 0.5029
2, b00001063_21i6bq_20150225_170423e, 0.7451
2, b00000638_21i6bq_20150225_123142e, 0.7222
2, b00000609_21i6bq_20150225_121405e, 0.7218
2, b00000749_21i6bq_20150225_133753e, 0.7201
2, b00000735_21i6bq_20150225_132927e, 0.7199
2, b00000731_21i6bq_20150225_132707e, 0.7137
2, b00000727_21i6bq_20150225_132442e, 0.7048
2, b00001041_21i6bq_20150225_165057e, 0.6824
2, b00000640_21i6bq_20150225_123300e, 0.6725
2, b00001113_21i6bq_20150225_173558e, 0.6712
2, b00000725_21i6bq_20150225_132324e, 0.6622
2, b00000639_21i6bq_20150225_123221e, 0.6585
2, b00000637_21i6bq_20150225_123109e, 0.6478
2, b00000728_21i6bq_20150225_132524e, 0.5029
2, b00000730_21i6bq_20150225_132629e, 0.5029
2, b00000734_21i6bq_20150225_132853e, 0.5029
2, b00000744_21i6bq_20150225_133443e, 0.5029
2, b00000743_21i6bq_20150225_133402e, 0.5029
2, b00000937_21i6bq_20150225_154703e, 0.5029
2, b00001143_21i6bq_20150225_175506e, 0.5029
2, b00001096_21i6bq_20150226_180144e, 0.7552
2, b00000871_21i6bq_20150226_153014e, 0.7437
2, b00001070_21i6bq_20150226_174142e, 0.7212
2, b00000842_21i6bq_20150226_151218e, 0.7118
2, b00000801_21i6bq_20150226_144706e, 0.6864
2, b00000935_21i6bq_20150226_161250e, 0.6826
2, b00001069_21i6bq_20150226_174112e, 0.6773
2, b00000846_21i6bq_20150226_151453e, 0.6611
2, b00000923_21i6bq_20150226_160513e, 0.6458
2, b00000844_21i6bq_20150226_151336e, 0.6363
2, b00000925_21i6bq_20150226_160629e, 0.6351
2, b00000899_21i6bq_20150226_155002e, 0.5029
2, b00000924_21i6bq_20150226_160555e, 0.5029
2, b00000926_21i6bq_20150226_160702e, 0.5029
2, b00001126_21i6bq_20150226_182822e, 0.5029
2, b00000912_21i6bq_20150227_170600e, 0.7619
2, b00000915_21i6bq_20150227_170746e, 0.7491
2, b00001078_21i6bq_20150227_191251e, 0.7261
2, b00000913_21i6bq_20150227_170632e, 0.7191
2, b00000775_21i6bq_20150227_153457e, 0.7182
2, b00000774_21i6bq_20150227_153418e, 0.7165
2, b00000731_21i6bq_20150227_150828e, 0.6988
2, b00000759_21i6bq_20150227_152516e, 0.6899
2, b00000756_21i6bq_20150227_152320e, 0.6774
2, b00001083_21i6bq_20150227_191603e, 0.6757
2, b00001080_21i6bq_20150227_191407e, 0.6617
2, b00000734_21i6bq_20150227_151010e, 0.6563
2, b00001026_21i6bq_20150227_182814e, 0.6468
2, b00000761_21i6bq_20150227_152631e, 0.6439
2, b00000748_21i6bq_20150227_151815e, 0.5029
2, b00000749_21i6bq_20150227_151849e, 0.5029
2, b00000972_21i6bq_20150227_175120e, 0.5029
2, b00001081_21i6bq_20150227_191444e, 0.5029
2, b00001076_21i6bq_20150227_191136e, 0.5029
2, b00001069_21i6bq_20150228_175223e, 0.6491
2, b00001066_21i6bq_20150228_175039e, 0.6478
2, b00000860_21i6bq_20150228_145257e, 0.5029
2, b00000894_21i6bq_20150228_151700e, 0.5029
2, b00000981_21i6bq_20150228_161555e, 0.5029
2, b00000744_21i6bq_20150301_141854e, 0.7076
2, b00000735_21i6bq_20150301_141324e, 0.5029
3, b00000210_21i6bq_20150224_084747e, 1.0
3, b00000083_21i6bq_20150225_064438e, 1.0
3, 20160905_120745_000, 1.0
3, 20160906_163855_000, 1.0
3, 20160907_082617_000, 1.0
3, 20160907_135652_000, 1.0
3, 20160829_090231_000, 1.0
3, b00000168_21i6bq_20150224_082223e, 0.7045
3, b00000178_21i6bq_20150224_082841e, 0.6967
3, b00000133_21i6bq_20150224_080119e, 0.6922
3, b00000134_21i6bq_20150224_080200e, 0.6715
3, b00000184_21i6bq_20150224_083218e, 0.6613
3, b00000169_21i6bq_20150224_082301e, 0.661
3, b00000143_21i6bq_20150224_080725e, 0.6589
3, b00000141_21i6bq_20150224_080611e, 0.6583
3, b00000177_21i6bq_20150224_082800e, 0.6583
3, b00000185_21i6bq_20150224_083257e, 0.6523
3, b00000171_21i6bq_20150224_082415e, 0.6511
3, b00000176_21i6bq_20150224_082729e, 0.6508
3, b00000149_21i6bq_20150224_081053e, 0.6505
3, b00000183_21i6bq_20150224_083144e, 0.6493
3, b00000181_21i6bq_20150224_083034e, 0.649
3, b00000163_21i6bq_20150224_081928e, 0.6463
3, b00000209_21i6bq_20150224_084704e, 0.6463
3, b00000159_21i6bq_20150224_081654e, 0.6451
3, b00000174_21i6bq_20150224_082606e, 0.6451
3, b00000186_21i6bq_20150224_083329e, 0.643
3, b00000179_21i6bq_20150224_082920e, 0.6412
3, b00000182_21i6bq_20150224_083109e, 0.6406
3, b00000138_21i6bq_20150224_080426e, 0.6385
3, b00000170_21i6bq_20150224_082334e, 0.6373
3, b00000161_21i6bq_20150224_081814e, 0.6349
3, b00000164_21i6bq_20150224_082001e, 0.6334
3, b00000189_21i6bq_20150224_083505e, 0.6334
3, b00000216_21i6bq_20150224_085131e, 0.6334
3, b00000195_21i6bq_20150224_083846e, 0.6325
3, b00000156_21i6bq_20150224_081508e, 0.6304
3, b00000173_21i6bq_20150224_082529e, 0.6304
3, b00000187_21i6bq_20150224_083359e, 0.6256
3, b00000158_21i6bq_20150224_081619e, 0.6223
3, b00000148_21i6bq_20150224_081015e, 0.6202
3, b00000193_21i6bq_20150224_083728e, 0.6199
3, b00000139_21i6bq_20150224_080459e, 0.6196
3, b00000175_21i6bq_20150224_082647e, 0.6181
3, b00000137_21i6bq_20150224_080352e, 0.6172
3, b00000190_21i6bq_20150224_083545e, 0.6172
3, b00000191_21i6bq_20150224_083618e, 0.6166
3, b00000214_21i6bq_20150224_085018e, 0.6163
3, b00000166_21i6bq_20150224_082115e, 0.6157
3, b00000144_21i6bq_20150224_080801e, 0.6151
3, b00000199_21i6bq_20150224_084108e, 0.6142
3, b00000201_21i6bq_20150224_084214e, 0.6139
3, b00000157_21i6bq_20150224_081545e, 0.6136
3, b00000160_21i6bq_20150224_081736e, 0.6133
3, b00000205_21i6bq_20150224_084445e, 0.6127
3, b00000172_21i6bq_20150224_082450e, 0.6124
3, b00000202_21i6bq_20150224_084253e, 0.6115
3, b00000140_21i6bq_20150224_080537e, 0.6103
3, b00000188_21i6bq_20150224_083430e, 0.61
3, b00000147_21i6bq_20150224_080942e, 0.6091
3, b00000153_21i6bq_20150224_081319e, 0.6091
3, b00000203_21i6bq_20150224_084332e, 0.6085
3, b00000155_21i6bq_20150224_081434e, 0.6058
3, b00000152_21i6bq_20150224_081241e, 0.6028
3, b00000215_21i6bq_20150224_085054e, 0.6025
3, b00000162_21i6bq_20150224_081848e, 0.6019
3, b00000207_21i6bq_20150224_084555e, 0.6019
3, b00000165_21i6bq_20150224_082036e, 0.6016
3, b00000198_21i6bq_20150224_084035e, 0.6013
3, b00000087_21i6bq_20150225_064652e, 0.6307
3, b00000085_21i6bq_20150225_064546e, 0.6289
3, b00000081_21i6bq_20150225_064328e, 0.6205
3, b00000082_21i6bq_20150225_064404e, 0.6109
3, b00000086_21i6bq_20150225_064619e, 0.601
3, 20160906_164239_000, 0.6625
3, 20160906_164415_000, 0.6448
3, 20160906_164447_000, 0.6349
3, 20160906_164343_000, 0.6241
3, 20160906_164311_000, 0.6046
3, 20160907_082305_000, 0.9982
3, 20160907_082857_000, 0.7513
3, 20160907_082545_000, 0.7183
3, 20160907_082337_000, 0.7171
3, 20160907_083449_000, 0.7036
3, 20160907_082409_000, 0.688
3, 20160907_082441_000, 0.6877
3, 20160907_082649_000, 0.6853
3, 20160907_083417_000, 0.6823
3, 20160907_082753_000, 0.667
3, 20160907_082929_000, 0.6514
3, 20160907_083521_000, 0.6445
3, 20160907_082513_000, 0.64
3, 20160907_082825_000, 0.637
3, 20160907_083313_000, 0.6202
3, 20160907_082721_000, 0.6196
3, 20160907_083105_000, 0.6178
3, 20160907_083001_000, 0.6091
3, 20160907_083209_000, 0.6085
3, 20160907_141129_000, 0.6958
3, 20160907_140953_000, 0.694
3, 20160907_141327_000, 0.6937
3, 20160907_141057_000, 0.6895
3, 20160907_140524_000, 0.6724
3, 20160907_141201_000, 0.6694
3, 20160907_141025_000, 0.6553
3, 20160907_141233_000, 0.6553
3, 20160907_140004_000, 0.6544
3, 20160907_140628_000, 0.6514
3, 20160907_140804_000, 0.6496
3, 20160907_140732_000, 0.643
3, 20160907_140212_000, 0.6403
3, 20160907_135756_000, 0.6382
3, 20160907_140836_000, 0.6319
3, 20160907_140700_000, 0.6292
3, 20160907_140908_000, 0.6292
3, 20160907_140556_000, 0.625
3, 20160907_140036_000, 0.6205
3, 20160907_135828_000, 0.6181
3, 20160907_135900_000, 0.6172
3, 20160907_140452_000, 0.6151
3, 20160907_140316_000, 0.6115
3, 20160907_140140_000, 0.6028
3, 20160907_140244_000, 0.6025
3, 20160907_135724_000, 0.6022
3, 20160829_090023_000, 0.7408
3, 20160829_090511_000, 0.7177
3, 20160829_090335_000, 0.7153
3, 20160829_085711_000, 0.712
3, 20160829_090439_000, 0.7051
3, 20160829_085815_000, 0.7021
3, 20160829_085743_000, 0.6952
3, 20160829_090543_000, 0.6919
3, 20160829_085919_000, 0.6844
3, 20160829_085639_000, 0.6826
3, 20160829_090303_000, 0.6658
3, 20160829_090647_000, 0.6655
3, 20160829_090823_000, 0.6643
3, 20160829_090719_000, 0.664
3, 20160829_085847_000, 0.6574
3, 20160829_091031_000, 0.6535
3, 20160829_085951_000, 0.6523
3, 20160829_090855_000, 0.6472
3, 20160829_090751_000, 0.6403
3, 20160829_091103_000, 0.64
3, 20160829_090127_000, 0.6355
3, 20160829_085607_000, 0.6184
4, b00000564_21i6bq_20150308_134822e, 0.6109
4, B00002975_21I6X0_20180526_041655E, 0.6259
4, b00000561_21i6bq_20150308_134632e, 0.7859
5, 20160808_054946_000, 0.6277
5, 20160819_062314_000, 0.6412
5, 20160902_064813_000, 0.6502
5, 20160902_212337_000, 0.6196
5, 20160902_212409_000, 0.6183
5, 20160904_120624_000, 0.6165
5, 20160909_210059_000, 0.7315
5, 20160930_061611_000, 0.8098
5, 20161002_190600_000, 0.7489
5, 20161002_214425_000, 0.7114
6, b00000063_21i6bq_20150306_055515e, 1.0
6, b00002261_21i6bq_20150316_143641e, 1.0
6, B00005754_21I6X0_20180522_104313E, 1.0
6, b00000060_21i6bq_20150306_055320e, 0.7823
6, b00000064_21i6bq_20150306_055548e, 0.7823
6, b00000057_21i6bq_20150306_055128e, 0.6622
6, b00002259_21i6bq_20150316_143534e, 0.7823
6, b00002256_21i6bq_20150316_143344e, 0.7323
6, 20160902_112925_000, 0.5931
6, 20160904_184332_000, 0.7039
6, 20160904_184300_000, 0.6646
6, 20160904_184228_000, 0.6557
6, 20160904_184156_000, 0.6485
6, 20160904_184404_000, 0.5184
6, 20160908_071258_000, 0.584
6, 20160908_064446_000, 0.5767
6, 20160908_064518_000, 0.5718
6, B00006083_21I6X0_20180518_141935E, 0.6156
6, B00005963_21I6X0_20180522_112422E, 0.6142
7, b00000946_21i6bq_20150304_164725e, 1.0
7, 20160816_180537_000, 1.0
7, 20160828_171129_000, 1.0
7, 20160901_203125_000, 1.0
7, 20160907_165140_000, 1.0
7, 20160914_203147_000, 1.0
7, 20160917_195013_000, 1.0
7, 20160928_182747_000, 1.0
7, 20161004_191852_000, 1.0
7, B00014715_21I6X0_20180531_204617E, 1.0
7, b00000958_21i6bq_20150304_165518e, 0.7242
7, b00000960_21i6bq_20150304_165636e, 0.7175
7, b00001010_21i6bq_20150304_172835e, 0.709
7, b00000971_21i6bq_20150304_170314e, 0.706
7, b00000974_21i6bq_20150304_170457e, 0.6899
7, b00000991_21i6bq_20150304_171610e, 0.6842
7, b00000998_21i6bq_20150304_172055e, 0.6823
7, b00000996_21i6bq_20150304_171901e, 0.6814
7, b00001013_21i6bq_20150304_173026e, 0.6688
7, b00000947_21i6bq_20150304_164758e, 0.6626
7, b00000948_21i6bq_20150304_164834e, 0.6575
7, b00000994_21i6bq_20150304_171752e, 0.6564
7, b00000999_21i6bq_20150304_172133e, 0.6531
7, b00001012_21i6bq_20150304_172951e, 0.653
7, b00000993_21i6bq_20150304_171717e, 0.652
7, b00000965_21i6bq_20150304_165934e, 0.643
7, b00001017_21i6bq_20150304_173254e, 0.6424
7, b00001009_21i6bq_20150304_172756e, 0.6143
7, b00000978_21i6bq_20150304_170808e, 0.6069
7, b00001015_21i6bq_20150304_173139e, 0.6059
7, b00000985_21i6bq_20150304_171226e, 0.6004
7, b00000959_21i6bq_20150304_165558e, 0.5687
7, b00000952_21i6bq_20150304_165108e, 0.5569
7, b00000981_21i6bq_20150304_171002e, 0.5522
7, b00000983_21i6bq_20150304_171116e, 0.5504
7, b00001003_21i6bq_20150304_172408e, 0.5491
7, b00001001_21i6bq_20150304_172251e, 0.5405
7, b00001021_21i6bq_20150304_173525e, 0.533
7, b00001016_21i6bq_20150304_173217e, 0.5323
7, b00001008_21i6bq_20150304_172721e, 0.5188
7, b00001018_21i6bq_20150304_173335e, 0.5071
7, 20160816_181208_000, 0.7682
7, 20160816_181255_000, 0.7672
7, 20160816_181911_000, 0.7669
7, 20160816_181824_000, 0.7662
7, 20160816_182307_000, 0.7647
7, 20160816_181737_000, 0.7631
7, 20160816_181342_000, 0.7621
7, 20160816_181429_000, 0.7584
7, 20160816_183249_000, 0.7555
7, 20160816_181516_000, 0.7537
7, 20160816_181120_000, 0.7507
7, 20160816_181033_000, 0.7501
7, 20160816_190837_000, 0.7476
7, 20160816_182941_000, 0.7428
7, 20160816_183028_000, 0.7349
7, 20160816_180811_000, 0.6055
7, 20160816_175837_000, 0.6044
7, 20160816_180858_000, 0.5923
7, 20160816_180724_000, 0.5917
7, 20160828_174324_000, 0.7671
7, 20160828_174534_000, 0.7623
7, 20160828_172743_000, 0.7562
7, 20160828_171201_000, 0.7501
7, 20160828_171057_000, 0.7259
7, 20160828_174502_000, 0.7247
7, 20160828_173055_000, 0.7126
7, 20160828_173335_000, 0.712
7, 20160828_173511_000, 0.7115
7, 20160828_173751_000, 0.711
7, 20160828_172815_000, 0.7105
7, 20160828_170257_000, 0.7099
7, 20160828_170817_000, 0.7098
7, 20160828_172847_000, 0.7096
7, 20160828_173927_000, 0.709
7, 20160828_171825_000, 0.7089
7, 20160828_172254_000, 0.7087
7, 20160828_172711_000, 0.7077
7, 20160828_171409_000, 0.7073
7, 20160828_170433_000, 0.7071
7, 20160828_173127_000, 0.7067
7, 20160828_173439_000, 0.7061
7, 20160828_172919_000, 0.7047
7, 20160828_172639_000, 0.7041
7, 20160828_171233_000, 0.7036
7, 20160828_171649_000, 0.7021
7, 20160828_171617_000, 0.7014
7, 20160828_173959_000, 0.7005
7, 20160828_172951_000, 0.6973
7, 20160828_174606_000, 0.6969
7, 20160828_174220_000, 0.6967
7, 20160828_171513_000, 0.6962
7, 20160828_173719_000, 0.6952
7, 20160828_173823_000, 0.6941
7, 20160828_173543_000, 0.6927
7, 20160828_171929_000, 0.6921
7, 20160828_173855_000, 0.6916
7, 20160828_173159_000, 0.6912
7, 20160828_173407_000, 0.6912
7, 20160828_172033_000, 0.6901
7, 20160828_171753_000, 0.6845
7, 20160828_171337_000, 0.6824
7, 20160828_172001_000, 0.6823
7, 20160828_173303_000, 0.6718
7, 20160828_171857_000, 0.6704
7, 20160828_173023_000, 0.6689
7, 20160828_170153_000, 0.6688
7, 20160828_173647_000, 0.668
7, 20160828_171545_000, 0.6657
7, 20160828_171441_000, 0.6585
7, 20160828_174742_000, 0.6529
7, 20160828_171305_000, 0.65
7, 20160828_171721_000, 0.6478
7, 20160828_173231_000, 0.6433
7, 20160828_173615_000, 0.6424
7, 20160828_174252_000, 0.6125
7, 20160829_155000_000, 0.7214
7, 20160829_155032_000, 0.6623
7, 20160829_155104_000, 0.7556
7, 20160829_155135_000, 0.7569
7, 20160829_155208_000, 0.5436
7, 20160829_155240_000, 0.6447
7, 20160829_155312_000, 0.7584
7, 20160829_155344_000, 0.5954
7, 20160829_155416_000, 0.537
7, 20160829_155448_000, 0.5437
7, 20160829_155520_000, 0.6649
7, 20160829_155552_000, 0.7571
7, 20160829_155623_000, 0.7556
7, 20160829_155656_000, 0.7517
7, 20160829_155728_000, 0.5415
7, 20160829_155800_000, 0.5364
7, 20160829_155832_000, 0.6552
7, 20160829_160008_000, 0.7105
7, 20160829_160040_000, 0.5319
7, 20160829_160112_000, 0.5331
7, 20160829_160144_000, 0.7016
7, 20160829_160216_000, 0.5328
7, 20160829_160248_000, 0.5349
7, 20160829_160320_000, 0.5332
7, 20160829_160352_000, 0.5319
7, 20160829_160508_000, 0.5418
7, 20160829_160541_000, 0.5422
7, 20160829_160750_000, 0.7133
7, 20160829_160822_000, 0.7106
7, 20160829_160957_000, 0.7599
7, 20160829_161310_000, 0.752
7, 20160829_161414_000, 0.7426
7, 20160829_161517_000, 0.5368
7, 20160829_161550_000, 0.7108
7, 20160829_161622_000, 0.7621
7, 20160829_161654_000, 0.6903
7, 20160829_161726_000, 0.6983
7, 20160829_161758_000, 0.6783
7, 20160829_161830_000, 0.6512
7, 20160829_161902_000, 0.6671
7, 20160829_161934_000, 0.6985
7, 20160829_162006_000, 0.7001
7, 20160829_162038_000, 0.6895
7, 20160901_195826_000, 0.5422
7, 20160901_195858_000, 0.6555
7, 20160901_195930_000, 0.7197
7, 20160901_200034_000, 0.6738
7, 20160901_200106_000, 0.672
7, 20160901_200210_000, 0.6657
7, 20160901_200242_000, 0.6708
7, 20160901_200346_000, 0.677
7, 20160901_200450_000, 0.6841
7, 20160901_200522_000, 0.6319
7, 20160901_200554_000, 0.5371
7, 20160901_200626_000, 0.6528
7, 20160901_200658_000, 0.6393
7, 20160901_200730_000, 0.6707
7, 20160901_200834_000, 0.5321
7, 20160901_200919_000, 0.5272
7, 20160901_201055_000, 0.6455
7, 20160901_201127_000, 0.6424
7, 20160901_201159_000, 0.6717
7, 20160901_201231_000, 0.6758
7, 20160901_201303_000, 0.5375
7, 20160901_201335_000, 0.6325
7, 20160901_201407_000, 0.6852
7, 20160901_201543_000, 0.6421
7, 20160901_201615_000, 0.6341
7, 20160901_201751_000, 0.6914
7, 20160901_201855_000, 0.6281
7, 20160901_201927_000, 0.665
7, 20160901_201959_000, 0.6279
7, 20160901_202031_000, 0.6527
7, 20160901_202103_000, 0.6197
7, 20160901_202135_000, 0.6436
7, 20160901_202207_000, 0.6054
7, 20160901_202239_000, 0.6169
7, 20160901_202311_000, 0.6281
7, 20160901_202800_000, 0.6215
7, 20160901_202904_000, 0.652
7, 20160901_202949_000, 0.6579
7, 20160901_203021_000, 0.716
7, 20160901_203053_000, 0.7068
7, 20160901_203157_000, 0.6841
7, 20160901_203229_000, 0.7294
7, 20160901_203301_000, 0.675
7, 20160901_203405_000, 0.6604
7, 20160901_203509_000, 0.6928
7, 20160901_203541_000, 0.6485
7, 20160901_203613_000, 0.6702
7, 20160901_203645_000, 0.6531
7, 20160901_203717_000, 0.7521
7, 20160901_203749_000, 0.6584
7, 20160901_203821_000, 0.6588
7, 20160901_203853_000, 0.6411
7, 20160901_203925_000, 0.7011
7, 20160901_203957_000, 0.6975
7, 20160901_204101_000, 0.6012
7, 20160901_204237_000, 0.6802
7, 20160901_204309_000, 0.695
7, 20160901_204341_000, 0.6851
7, 20160901_204413_000, 0.7117
7, 20160901_204445_000, 0.6926
7, 20160901_204517_000, 0.6776
7, 20160901_204549_000, 0.7168
7, 20160901_204621_000, 0.6479
7, 20160901_204653_000, 0.6629
7, 20160901_204725_000, 0.6427
7, 20160901_204757_000, 0.6621
7, 20160901_204829_000, 0.6766
7, 20160901_204901_000, 0.5272
7, 20160901_205122_000, 0.5321
7, 20160901_205434_000, 0.5297
7, 20160901_210130_000, 0.6478
7, 20160907_161112_000, 0.7576
7, 20160907_161144_000, 0.7458
7, 20160907_161216_000, 0.7512
7, 20160907_161248_000, 0.6957
7, 20160907_161320_000, 0.7503
7, 20160907_161352_000, 0.7258
7, 20160907_161437_000, 0.6959
7, 20160907_161509_000, 0.7345
7, 20160907_161541_000, 0.6737
7, 20160907_161613_000, 0.7206
7, 20160907_161645_000, 0.6543
7, 20160907_161717_000, 0.7222
7, 20160907_161750_000, 0.7571
7, 20160907_161822_000, 0.7603
7, 20160907_161854_000, 0.7121
7, 20160907_161926_000, 0.7518
7, 20160907_161958_000, 0.6677
7, 20160907_162030_000, 0.7512
7, 20160907_162102_000, 0.7144
7, 20160907_162134_000, 0.6614
7, 20160907_162206_000, 0.6511
7, 20160907_162238_000, 0.751
7, 20160907_162310_000, 0.7353
7, 20160907_162342_000, 0.759
7, 20160907_162414_000, 0.7146
7, 20160907_162446_000, 0.6674
7, 20160907_162518_000, 0.753
7, 20160907_162550_000, 0.7561
7, 20160907_162622_000, 0.7391
7, 20160907_162654_000, 0.7622
7, 20160907_162726_000, 0.7508
7, 20160907_162758_000, 0.7176
7, 20160907_162830_000, 0.7058
7, 20160907_162902_000, 0.6768
7, 20160907_162934_000, 0.6705
7, 20160907_163006_000, 0.7141
7, 20160907_163038_000, 0.6821
7, 20160907_163110_000, 0.7141
7, 20160907_163142_000, 0.6799
7, 20160907_163214_000, 0.6865
7, 20160907_163246_000, 0.6951
7, 20160907_163318_000, 0.6984
7, 20160907_163350_000, 0.6907
7, 20160907_163422_000, 0.6934
7, 20160907_163507_000, 0.767
7, 20160907_163539_000, 0.7285
7, 20160907_163611_000, 0.7149
7, 20160907_163715_000, 0.7091
7, 20160907_163819_000, 0.7722
7, 20160907_163851_000, 0.7137
7, 20160907_163923_000, 0.7181
7, 20160907_163955_000, 0.535
7, 20160907_164027_000, 0.5495
7, 20160907_164059_000, 0.701
7, 20160907_164131_000, 0.713
7, 20160907_164203_000, 0.6592
7, 20160907_164235_000, 0.6832
7, 20160907_164307_000, 0.6773
7, 20160907_164339_000, 0.663
7, 20160907_164411_000, 0.7225
7, 20160907_164443_000, 0.72
7, 20160907_164515_000, 0.7032
7, 20160907_164547_000, 0.5353
7, 20160907_164619_000, 0.721
7, 20160907_164651_000, 0.6912
7, 20160907_164723_000, 0.5528
7, 20160907_164755_000, 0.7134
7, 20160907_164827_000, 0.5418
7, 20160907_164859_000, 0.6661
7, 20160907_164931_000, 0.705
7, 20160907_165003_000, 0.6812
7, 20160907_165035_000, 0.6603
7, 20160907_165107_000, 0.6948
7, 20160907_165212_000, 0.5383
7, 20160907_165244_000, 0.7185
7, 20160907_165316_000, 0.7001
7, 20160907_165348_000, 0.7096
7, 20160907_165420_000, 0.6782
7, 20160907_165452_000, 0.6738
7, 20160907_165537_000, 0.6872
7, 20160907_165609_000, 0.6967
7, 20160907_165641_000, 0.7094
7, 20160907_165713_000, 0.6652
7, 20160907_165745_000, 0.6932
7, 20160907_165817_000, 0.5714
7, 20160907_165849_000, 0.6705
7, 20160907_165922_000, 0.6885
7, 20160907_165954_000, 0.6822
7, 20160907_170026_000, 0.6735
7, 20160907_170058_000, 0.6984
7, 20160907_170130_000, 0.7111
7, 20160907_170202_000, 0.6891
7, 20160907_170514_000, 0.6719
7, 20160907_170546_000, 0.6845
7, 20160907_170618_000, 0.6873
7, 20160907_170650_000, 0.6959
7, 20160907_170722_000, 0.6573
7, 20160907_170754_000, 0.6933
7, 20160907_170826_000, 0.7003
7, 20160907_170858_000, 0.6966
7, 20160907_170930_000, 0.7084
7, 20160907_171002_000, 0.7055
7, 20160907_171034_000, 0.694
7, 20160907_171106_000, 0.7109
7, 20160907_171138_000, 0.6516
7, 20160907_171210_000, 0.6862
7, 20160907_171242_000, 0.6979
7, 20160907_171314_000, 0.7131
7, 20160907_171346_000, 0.7215
7, 20160907_171418_000, 0.7398
7, 20160907_171450_000, 0.692
7, 20160907_171522_000, 0.7037
7, 20160907_171607_000, 0.7417
7, 20160907_171639_000, 0.7091
7, 20160907_171711_000, 0.7065
7, 20160907_171743_000, 0.7141
7, 20160914_202349_000, 0.728
7, 20160914_202406_000, 0.707
7, 20160914_202423_000, 0.723
7, 20160914_202440_000, 0.6838
7, 20160914_202457_000, 0.7078
7, 20160914_202514_000, 0.7289
7, 20160914_202531_000, 0.7024
7, 20160914_202548_000, 0.7393
7, 20160914_202605_000, 0.698
7, 20160914_202622_000, 0.7469
7, 20160914_202657_000, 0.7089
7, 20160914_202714_000, 0.697
7, 20160914_202731_000, 0.7146
7, 20160914_202748_000, 0.6131
7, 20160914_202805_000, 0.6673
7, 20160914_202822_000, 0.7353
7, 20160914_202839_000, 0.5679
7, 20160914_202856_000, 0.7253
7, 20160914_202913_000, 0.7069
7, 20160914_202931_000, 0.753
7, 20160914_203005_000, 0.6925
7, 20160914_203022_000, 0.6847
7, 20160914_203039_000, 0.6049
7, 20160914_203056_000, 0.7163
7, 20160914_203113_000, 0.7067
7, 20160914_203130_000, 0.6918
7, 20160914_203204_000, 0.7478
7, 20160914_203221_000, 0.6231
7, 20160914_203239_000, 0.6441
7, 20160914_203256_000, 0.7502
7, 20160914_203313_000, 0.7066
7, 20160914_203330_000, 0.6899
7, 20160914_203347_000, 0.6978
7, 20160914_203404_000, 0.6506
7, 20160914_203421_000, 0.7516
7, 20160914_203438_000, 0.7299
7, 20160914_203455_000, 0.7571
7, 20160914_203512_000, 0.7509
7, 20160914_203547_000, 0.7501
7, 20160914_203604_000, 0.7101
7, 20160914_203621_000, 0.7266
7, 20160914_203638_000, 0.6947
7, 20160914_203655_000, 0.7409
7, 20160914_203729_000, 0.6508
7, 20160914_203746_000, 0.6807
7, 20160914_203803_000, 0.7298
7, 20160914_203820_000, 0.6873
7, 20160914_203837_000, 0.7114
7, 20160914_203854_000, 0.7073
7, 20160917_194732_000, 0.8301
7, 20160917_194804_000, 0.8252
7, 20160917_194836_000, 0.8313
7, 20160917_194908_000, 0.8234
7, 20160917_194940_000, 0.8217
7, 20160917_195045_000, 0.7901
7, 20160917_195117_000, 0.7911
7, 20160917_195202_000, 0.8269
7, 20160917_195234_000, 0.7968
7, 20160917_195306_000, 0.8312
7, 20160917_195338_000, 0.7675
7, 20160917_195410_000, 0.7924
7, 20160917_195515_000, 0.799
7, 20160917_195547_000, 0.8024
7, 20160917_195619_000, 0.6571
7, 20160917_195651_000, 0.8156
7, 20160917_195723_000, 0.8171
7, 20160917_195755_000, 0.6537
7, 20160917_195827_000, 0.7863
7, 20160917_195859_000, 0.8151
7, 20160917_200107_000, 0.8274
7, 20160917_200243_000, 0.8166
7, 20160917_200315_000, 0.8217
7, 20160917_200347_000, 0.8174
7, 20160917_200419_000, 0.7975
7, 20160917_200451_000, 0.7655
7, 20160917_200523_000, 0.6544
7, 20160928_182611_000, 0.7504
7, 20160928_182643_000, 0.6194
7, 20160928_182715_000, 0.7705
7, 20160928_182820_000, 0.7433
7, 20160928_182852_000, 0.7537
7, 20160928_182924_000, 0.7161
7, 20160928_182956_000, 0.7358
7, 20160928_183028_000, 0.7263
7, 20160928_183132_000, 0.7305
7, 20160928_183204_000, 0.7711
7, 20160928_183236_000, 0.7021
7, 20160928_183308_000, 0.7414
7, 20160928_183341_000, 0.7437
7, 20160928_183413_000, 0.5967
7, 20160928_183445_000, 0.5426
7, 20160928_183517_000, 0.6011
7, 20160928_183549_000, 0.6995
7, 20160928_183621_000, 0.6123
7, 20160928_183653_000, 0.6132
7, 20160928_183725_000, 0.6131
7, 20160928_183757_000, 0.6213
7, 20160928_183829_000, 0.7312
7, 20160928_183901_000, 0.7235
7, 20160928_183935_000, 0.744
7, 20160928_184007_000, 0.5993
7, 20160928_184039_000, 0.7113
7, 20160928_184111_000, 0.7379
7, 20160928_184143_000, 0.7136
7, 20160928_184215_000, 0.5952
7, 20160928_185311_000, 0.6048
7, 20160928_185904_000, 0.6078
7, 20160928_185936_000, 0.5991
7, 20160928_190008_000, 0.7276
7, 20160928_190041_000, 0.7084
7, 20160928_190113_000, 0.71
7, 20160928_190145_000, 0.6434
7, 20160928_190217_000, 0.6871
7, 20160928_190249_000, 0.7498
7, 20160928_190334_000, 0.6174
7, 20160928_190406_000, 0.6033
7, 20160928_190510_000, 0.6155
7, 20160928_190543_000, 0.7096
7, 20160928_190615_000, 0.7512
7, 20160928_190647_000, 0.597
7, 20160928_190719_000, 0.694
7, 20160928_190751_000, 0.5895
7, 20160928_190823_000, 0.7228
7, 20160928_190855_000, 0.6159
7, 20160928_190927_000, 0.7259
7, 20160928_190959_000, 0.5443
7, 20160928_191031_000, 0.591
7, 20160928_191105_000, 0.6234
7, 20160928_191137_000, 0.751
7, 20160928_191209_000, 0.7219
7, 20160928_191241_000, 0.7153
7, 20160928_191313_000, 0.6207
7, 20160928_191345_000, 0.5999
7, 20160928_191449_000, 0.5958
7, 20160928_191521_000, 0.6213
7, 20160928_191555_000, 0.5934
7, 20160928_191627_000, 0.6204
7, 20160928_191659_000, 0.6021
7, 20160928_191731_000, 0.7124
7, 20160928_191803_000, 0.6048
7, 20160928_191835_000, 0.6183
7, 20160928_191907_000, 0.6225
7, 20160928_191939_000, 0.6195
7, 20160928_192011_000, 0.7358
7, 20160928_192044_000, 0.6117
7, 20160928_192116_000, 0.5934
7, 20160928_192148_000, 0.5991
7, 20160928_192220_000, 0.6104
7, 20161004_191540_000, 0.7346
7, 20161004_191612_000, 0.6134
7, 20161004_191644_000, 0.7229
7, 20161004_191716_000, 0.7336
7, 20161004_191748_000, 0.7374
7, 20161004_191925_000, 0.6714
7, 20161004_191957_000, 0.7106
7, 20161004_192029_000, 0.6482
7, 20161004_192101_000, 0.7323
7, 20161004_192133_000, 0.7368
7, 20161004_192205_000, 0.7265
7, 20161004_192237_000, 0.7479
7, 20161004_192309_000, 0.7612
7, 20161004_192341_000, 0.733
7, 20161004_192413_000, 0.7107
7, 20161004_192446_000, 0.738 
7, B00014690_21I6X0_20180531_203630E, 0.6852
7, B00014691_21I6X0_20180531_203654E, 0.6452
7, B00014692_21I6X0_20180531_203717E, 0.7081
7, B00014693_21I6X0_20180531_203740E, 0.6041
7, B00014694_21I6X0_20180531_203804E, 0.6403
7, B00014696_21I6X0_20180531_203851E, 0.6577
7, B00014698_21I6X0_20180531_203937E, 0.6553
7, B00014699_21I6X0_20180531_204002E, 0.6602
7, B00014700_21I6X0_20180531_204024E, 0.7198
7, B00014701_21I6X0_20180531_204047E, 0.6704
7, B00014702_21I6X0_20180531_204110E, 0.6809
7, B00014703_21I6X0_20180531_204134E, 0.6794
7, B00014704_21I6X0_20180531_204157E, 0.6672
7, B00014705_21I6X0_20180531_204220E, 0.612
7, B00014706_21I6X0_20180531_204249E, 0.639
7, B00014707_21I6X0_20180531_204312E, 0.7103
7, B00014708_21I6X0_20180531_204335E, 0.6712
7, B00014709_21I6X0_20180531_204358E, 0.6282
7, B00014710_21I6X0_20180531_204421E, 0.5569
7, B00014711_21I6X0_20180531_204445E, 0.7241
7, B00014712_21I6X0_20180531_204509E, 0.6728
7, B00014713_21I6X0_20180531_204531E, 0.6683
7, B00014714_21I6X0_20180531_204554E, 0.607
7, B00014717_21I6X0_20180531_204705E, 0.6115
7, B00014719_21I6X0_20180531_204752E, 0.694
7, B00014720_21I6X0_20180531_204815E, 0.6316
7, B00014721_21I6X0_20180531_204839E, 0.6826
7, B00014722_21I6X0_20180531_204902E, 0.6024
7, B00014723_21I6X0_20180531_204925E, 0.7099
7, B00014729_21I6X0_20180531_205151E, 0.605
7, B00014731_21I6X0_20180531_205238E, 0.6098
7, B00014732_21I6X0_20180531_205302E, 0.6356
7, B00014733_21I6X0_20180531_205326E, 0.6809
7, B00014734_21I6X0_20180531_205349E, 0.6644
7, B00014735_21I6X0_20180531_205419E, 0.6316
7, B00014736_21I6X0_20180531_205442E, 0.6672
7, B00014737_21I6X0_20180531_205505E, 0.5941
7, B00014738_21I6X0_20180531_205528E, 0.6301
7, B00014739_21I6X0_20180531_205551E, 0.654
7, B00014740_21I6X0_20180531_205614E, 0.6089
7, B00014741_21I6X0_20180531_205638E, 0.6267
7, B00014742_21I6X0_20180531_205702E, 0.6661
8, B00007627_21I6X0_20180523_012546E, 0.3117
8, B00007628_21I6X0_20180523_012553E, 0.3018
8, B00007629_21I6X0_20180523_012601E, 0.3022
8, B00007667_21I6X0_20180523_013243E, 0.3039
8, B00007668_21I6X0_20180523_013300E, 0.3048
8, B00007669_21I6X0_20180523_013317E, 0.3005
8, B00007703_21I6X0_20180523_013957E, 0.3035
8, B00007704_21I6X0_20180523_014003E, 0.3027
8, B00007705_21I6X0_20180523_014010E, 0.3032
8, B00007706_21I6X0_20180523_014016E, 0.303
8, B00007707_21I6X0_20180523_014022E, 0.302
8, B00007708_21I6X0_20180523_014028E, 0.3009
8, B00007709_21I6X0_20180523_014034E, 0.3008
8, B00007710_21I6X0_20180523_014041E, 0.3011
8, B00007714_21I6X0_20180523_014107E, 0.3027
8, B00007715_21I6X0_20180523_014113E, 0.3038
8, B00007718_21I6X0_20180523_014133E, 0.3023
8, B00007729_21I6X0_20180523_014251E, 0.3051
8, B00007764_21I6X0_20180523_014702E, 0.3005
8, B00007766_21I6X0_20180523_014715E, 0.3021
8, B00007767_21I6X0_20180523_014721E, 0.3024
8, B00007772_21I6X0_20180523_014754E, 0.3024
8, B00007779_21I6X0_20180523_014840E, 0.303
8, B00007780_21I6X0_20180523_014846E, 0.3032
8, B00007781_21I6X0_20180523_014853E, 0.3027
8, B00007782_21I6X0_20180523_014859E, 0.3114
8, B00007783_21I6X0_20180523_014905E, 0.3065
8, B00007784_21I6X0_20180523_014912E, 0.3006
8, B00007785_21I6X0_20180523_014928E, 0.3042
8, B00007786_21I6X0_20180523_014939E, 0.3033
8, B00007787_21I6X0_20180523_014946E, 0.3024
8, B00007788_21I6X0_20180523_015002E, 0.3063
8, B00007790_21I6X0_20180523_015023E, 0.311
8, B00007791_21I6X0_20180523_015036E, 0.3259
8, B00007792_21I6X0_20180523_015053E, 0.3048
8, B00007793_21I6X0_20180523_015110E, 0.3048
8, B00007796_21I6X0_20180523_015136E, 0.3132
8, B00007797_21I6X0_20180523_015145E, 0.3045
8, B00007798_21I6X0_20180523_015152E, 0.3093
8, B00007799_21I6X0_20180523_015159E, 0.3139
8, B00007800_21I6X0_20180523_015205E, 0.3124
8, B00007805_21I6X0_20180523_015247E, 0.3026
8, B00007807_21I6X0_20180523_015320E, 0.3012
8, B00007808_21I6X0_20180523_015337E, 0.3018
8, B00007819_21I6X0_20180523_015523E, 0.3028
8, B00007820_21I6X0_20180523_015534E, 0.3013
8, B00007821_21I6X0_20180523_015548E, 0.3097
8, B00007830_21I6X0_20180523_015715E, 0.3044
8, B00007832_21I6X0_20180523_015748E, 0.3048
8, B00007833_21I6X0_20180523_015805E, 0.3022
8, B00007834_21I6X0_20180523_015821E, 0.3077
8, B00007835_21I6X0_20180523_015838E, 0.3036
8, B00007836_21I6X0_20180523_015848E, 0.3051
8, B00007837_21I6X0_20180523_015855E, 0.3126
8, B00007838_21I6X0_20180523_015901E, 0.3114
8, B00007839_21I6X0_20180523_015911E, 0.3089
8, B00007840_21I6X0_20180523_015923E, 0.3108
8, B00007841_21I6X0_20180523_015929E, 0.3072
8, B00007850_21I6X0_20180523_020126E, 0.3025
8, B00007854_21I6X0_20180523_020213E, 0.3018
8, B00007855_21I6X0_20180523_020219E, 0.3007
9, b00000920_21i6bq_20150224_160329e, 1.0
9, b00000980_21i6bq_20150225_161342e, 1.0
9, b00000916_21i6bq_20150224_160100e, 0.8536
9, b00000917_21i6bq_20150224_160138e, 0.9809
9, b00000918_21i6bq_20150224_160217e, 0.9718
9, b00000919_21i6bq_20150224_160254e, 0.9182
9, b00000921_21i6bq_20150224_160408e, 0.8854
9, b00000922_21i6bq_20150224_160447e, 0.8797
9, b00000923_21i6bq_20150224_160522e, 0.8558
9, b00000924_21i6bq_20150224_160603e, 0.9124
9, b00000925_21i6bq_20150224_160636e, 0.8509
9, b00000926_21i6bq_20150224_160712e, 0.9016
9, b00000927_21i6bq_20150224_160749e, 0.867
9, b00000928_21i6bq_20150224_160822e, 0.8737
9, b00000929_21i6bq_20150224_160858e, 0.9657
9, b00000930_21i6bq_20150224_160931e, 0.8992
9, b00000931_21i6bq_20150224_161010e, 0.8619
9, b00000932_21i6bq_20150224_161051e, 0.9694
9, b00000933_21i6bq_20150224_161126e, 0.8639
9, b00000934_21i6bq_20150224_161200e, 0.8753
9, b00000935_21i6bq_20150224_161235e, 0.8948
9, b00000936_21i6bq_20150224_161310e, 0.9155
9, b00000938_21i6bq_20150224_161423e, 0.9223
9, b00000939_21i6bq_20150224_161500e, 0.9738
9, b00000940_21i6bq_20150224_161533e, 0.9882
9, b00000941_21i6bq_20150224_161609e, 0.9294
9, b00000977_21i6bq_20150225_161150e, 0.8985
9, b00000978_21i6bq_20150225_161227e, 0.9264
9, b00000979_21i6bq_20150225_161301e, 0.9568
9, b00000981_21i6bq_20150225_161419e, 0.9165
9, b00000982_21i6bq_20150225_161451e, 0.8778
9, b00000983_21i6bq_20150225_161531e, 0.9178
9, b00000984_21i6bq_20150225_161606e, 0.9705
9, b00000985_21i6bq_20150225_161638e, 0.8812
9, b00000986_21i6bq_20150225_161718e, 0.9187
9, b00000987_21i6bq_20150225_161756e, 0.9425
9, b00000988_21i6bq_20150225_161831e, 0.9298
9, b00000989_21i6bq_20150225_161904e, 0.9696
9, b00000991_21i6bq_20150225_162017e, 0.8766
10, b00000991_21i6bq_20150225_162017e, 0.0